{
    "fromXianzhe": [{
        "id": "0000",
        "details": [
            ["很高兴遇见你"]
        ],
        "responses": [{
            "content": "我也是！",
            "nextXianzhe": ["0003"]
        }, {
            "content": "我很怀疑这点……",
            "nextXianzhe": ["0001"]
        }, {
            "content": "真的吗？",
            "nextXianzhe": ["0002"]
        }]
    }, {
        "id": "0001",
        "details": [
            ["……", "好吧"]
        ],
        "nextXianzhe": ["0003"]
    }, {
        "id": "0002",
        "details": [
            ["我随便说说的，别在意"]
        ],
        "nextXianzhe": ["0003"]
    }, {
        "id": "0003",
        "details": [
            ["你想知道点什么？"]
        ],
        "responses": [{
            "content": "你是谁？",
            "nextXianzhe": ["0004"]
        }, {
            "content": "酸奶是什么意思？",
            "nextXianzhe": ["0005"]
        }, {
            "content": "问什么都可以吗？",
            "nextXianzhe": ["0006"]
        }]
    }, {
        "id": "0004",
        "details": [
            ["唔……", "这是个哲学问题……", "在我想出这个问题的答案前，我想，你还是先叫我酸奶吧！"]
        ],
        "nextXianzhe": ["0005"]
    }, {
        "id": "0005",
        "details": [
            ["酸奶是我起的花名，具体可关注我微博", "<a href='https://weibo.com/5770001365'>https://weibo.com/5770001365</a>"]
        ],
        "responses": [{
            "content": "你的职业是？",
            "nextXianzhe": ["0023"]
        }, {
            "content": "真有意思~",
            "nextXianzhe": ["0026"]
        }]
    }, {
        "id": "0006",
        "details": [
            ["话是没错啦……", "不过，反正你也不能输入文字哈哈~"]
        ],
        "responses": [{
            "content": "……"
        }, {
            "content": "算你狠"
        }]
    }, {
        "id": "0007",
        "details": [
            [
                "我经常觉得自己挺无聊的……",
                "无聊的时候，会读书、画画（全靠脑洞）、拍拍照片（但宅在家里怎么破）等等",
                "有点三分钟热度，所以接触的兴趣爱好倒不少，就是都没啥特别厉害的~"
            ]
        ],
        "nextXianzhe": ["0013"]
    }, {
        "id": "0008",
        "details": [
            ["喜欢啊！", "最喜欢的书是《小王子》，是全世界最棒的书！"]
        ],
        "responses": [{
            "content": "哇！我也这么觉得呢~",
            "nextXianzhe": ["0010"]
        }, {
            "content": "好吧……",
            "nextXianzhe": ["0010"]
        }]
    }, {
        "id": "0009",
        "details": [
            ["哈哈哈，你猜？"]
        ],
        "responses": [{
            "content": "酸奶这么可爱，一定是男孩纸吧！所以…应该有女朋友！",
            "nextXianzhe": ["0015"]
        }, {
            "content": "就算你有，也千万别告诉我！",
            "nextXianzhe": ["0018"]
        }, {
            "content": "哈哈哈，你才不会有呢！",
            "nextXianzhe": ["0017"]
        }]
    }, {
        "id": "0010",
        "details": [
            ["想要我给你推荐一点好书吗？"]
        ],
        "responses": [{
            "content": "好啊！酸奶推荐的书一定很棒~",
            "nextXianzhe": ["0011"]
        }, {
            "content": "算了，我不是很感兴趣……",
            "nextXianzhe": ["0012"]
        }]
    }, {
        "id": "0011",
        "details": [
            ["这是<a href='https://book.douban.com/people/ovilia1024/collect?sort=rating&start=0&mode=grid&tags_sort=count'>我最近读过的好书</a>，希望你也喜欢~"]
        ],
        "nextXianzhe": ["0013"]
    }, {
        "id": "0012",
        "details": [
            ["哦"],
            ["好吧……"],
            ["哼~"]
        ]
    }, {
        "id": "0013",
        "details": [
            ["想看看我画的画吗？", "虽然……", "没啥天赋……"]
        ],
        "responses": [{
            "content": "好啊好啊！",
            "nextXianzhe": ["0014"]
        }, {
            "content": "唔，算了吧……",
            "nextXianzhe": ["0012"]
        }]
    }, {
        "id": "0014",
        "details": [
            ["<img src='img/mushroom.jpg'>", "<img src='img/trees.jpg'>", "<img src='img/fried-chicken.jpg'>"]
        ]
    }, {
        "id": "0015",
        "details": [
            ["哈哈，你猜对了！", "这是我自己", "<img src='img/CAIN.jpg'>"]
        ],
        "responses": [{
            "content": "……",
            "nextXianzhe": ["0016"]
        }]
    }, {
        "id": "0016",
        "details": [
            [
                "好吧，我还是说明确一点（那种讲个笑话没人 get 到梗，还信以为真的事真是尴尬啊~）",
                "这是我自己的照片啦~",
                "怎么样，骗到真相还是很开心的吧？"
            ]
        ],
        "responses": [{
            "content": "你真逗……"
        }, {
            "content": "这一点都不好笑……"
        }]
    }, {
        "id": "0017",
        "details": [
            ["你……", "我就当你是在恭维我吧……"]
        ],
        "nextXianzhe": ["0018"]
    }, {
        "id": "0018",
        "details": [
            ["嘘……", "<img src='img/CAIN.jpg'>"]
        ],
        "responses": [{
            "content": "唉，很好奇怎样的人能俘获酸奶的芳心啊~~",
            "nextXianzhe": ["0020"]
        }, {
            "content": "哦，那我们也没什么好说的了。再见。:)"
        }]
    }, {
        "id": "0019",
        "details": [
            [
                "这个嘛……我也不大好说",
                "可能就是比较古灵精怪吧？有的时候鬼点子比较多，不喜欢太过平庸的东西",
                "很容易觉得无聊，对很多事情觉得提不起兴趣，但本身又是个兴趣很广泛的人"
            ]
        ]
    }, {
        "id": "0020",
        "details": [
            ["唔……我想想……", "有了！", "既可以悟言一室之内，又可以放浪形骸之外的人"]
        ],
        "responses": [{
            "content": "啥意思？",
            "nextXianzhe": ["0021"]
        }]
    }, {
        "id": "0021",
        "details": [
            ["你看，这你都听不懂……知道为什么我不会喜欢你了吧？"]
        ],
        "responses": [{
            "content": "……"
        }]
    }, {
        "id": "0022",
        "details": [
            [
                "<img src='img/bunny.png'>",
                "<img src='img/dragon-3d.png'>",
                "<img src='img/yumao-xianzhe.png'>",
                "这是最近的一些作品~",
                "业余时间喜欢看看设计类的书，自己动手做一些东西。虽然跟科班出身的设计相比距离很大，但是作为一项技能和爱好还是挺有意思的",
                "希望你喜欢~"
            ]
        ]
    }, {
        "id": "0023",
        "details": [
            ["唔，我是一个半个未入门程序猿", "准确地说，是在网易广告部"]
        ],
        "responses": [{
            "content": "嗯哼~ 网易？",
            "nextXianzhe": ["0024"]
        }, {
            "content": "你想跳槽吗？",
            "nextXianzhe": ["0033"]
        }]
    }, {
        "id": "0024",
        "details": [
            ["是的", "我在网易 智能网络产品部"]
        ],
        "responses": [{
            "content": "听起来很有意思~ 可以具体跟我说说你做了什么吗？",
            "nextXianzhe": ["0025"]
        }, {
            "content": "我们在做一件很酷的事，愿不愿意加入我们？",
            "nextXianzhe": ["0033"]
        }, {
            "content": "哦"
        }]
    }, {
        "id": "0025",
        "details": [
            [
                "<a href='http://echarts.baidu.com/theme-builder/'>ECharts 主题编辑器</a>",
                "<img src='img/echarts-theme-editor.png'>",
                "<a href='https://github.com/ecomfe/echarts-liquidfill'>水球图</a>",
                "<img src='img/echarts-liquidfill.jpg'>",
                "极坐标系下的柱状图",
                "<img src='img/echarts-polar-bar.png'>",
                "等等"
            ]
        ]
    }, {
        "id": "0026",
        "details": [
            ["谢谢喜欢~"],
            ["XD"],
            ["嘿嘿嘿嘿~"]
        ]
    }, {
        "id": "0027",
        "details": [
            [
                "主页的创意来自对话式的游戏",
                "现在很多时候，我们了解一个人都是通过类似的即时工具聊天吧？",
                "这样聊天产生的对我的印象，又比现实中偏差大多少呢？"
            ]
        ],
        "responses": [{
            "content": "赞！",
            "nextXianzhe": ["0034"]
        }, {
            "content": "嗯嗯",
            "nextXianzhe": ["0034"]
        }, {
            "content": "……",
            "nextXianzhe": ["0034"]
        }]
    }, {
        "id": "0028",
        "details": [
            ["<img src='img/163.jpg'>", "杭州园区的某一天"]
        ],
        "responses": [{
            "content": "这是你最满意的作品吗？",
            "nextXianzhe": ["0029"]
        }]
    }, {
        "id": "0029",
        "details": [
            ["不，最满意的是这张", "<img src='img/CAIN.jpg'>"]
        ],
        "responses": [{
            "content": "……"
        }, {
            "content": "不就是狗粮费么？！拿去就是！",
            "nextXianzhe": ["0037"]
        }]
    }, {
        "id": "0030",
        "details": [
            ["我美吗？"]
        ],
        "responses": [{
            "content": "还没看呢",
            "nextXianzhe": ["0031"]
        }, {
            "content": "酸奶当然最帅啦！",
            "nextXianzhe": ["0032"]
        }]
    }, {
        "id": "0031",
        "details": [
            ["哦，那算了"],
            ["哼，那没了"]
        ],
        "responses": [{
            "content": "……"
        }]
    }, {
        "id": "0032",
        "details": [
            ["嘻嘻，哪里哪里~", "<img src='img/xianzhe.jpg'>"]
        ]
    }, {
        "id": "0033",
        "details": [
            [
                "虽然目前没有换工作的打算，不过对于有趣的工作机会保持开放态度",
                "我的简历可以在 <a href='http://miaolexiu.cn'>LinkedIn</a> 查看",
                "如果能在意我的想法，发挥我的脑洞和技术特长，欢迎邮件至 <a href='mailto:me@miaolexiu.cn'>me@miaolexiu.cn</a> 勾搭~",
                "其实不是程序员的职位，也挺不错的嘛~"
            ]
        ],
        "responses": [{
            "content": "哈哈好的，等我当了老板，就来请你",
            "nextXianzhe": ["0026"]
        }, {
            "content": "好，我看看"
        }]
    }, {
        "id": "0034",
        "details": [
            [
                "当然，写得比较仓促，可能有些细节处理得不是很好，后面会进一步加工",
                "但重要的是，我想通过这样一个主页传递一个信息",
                "就是",
                "这个世界上大部分人的大部分时间都在做很无聊的事，但我仍希望能有一小部分自我，能稍稍地带来一些不同"
            ]
        ],
        "responses": [{
            "content": "……",
            "nextXianzhe": ["0035"]
        }]
    }, {
        "id": "0035",
        "details": [
            ["对了，本站的动画效果灵感都是来自<del></del>黄即<ins></ins>", "<a href='https://github.com/CAINInc'>GitHub</a> 和<a href='http://weibo.com/u/57700013651'>微博</a> ID 都是 酸奶"]
        ],
        "responses": [{
            "content": "啧啧啧……行，猫粮费拿去就是！",
            "nextXianzhe": ["0037"]
        }, {
            "content": "我要围观代码！",
            "nextXianzhe": ["0036"]
        }]
    }, {
        "id": "0036",
        "details": [
            ["代码在 GitHub 上开源", "<a href='https://github.com/CAINInc'>https://github.com/CAINInc</a>", "欢迎围观点赞"]
        ]
    }, {
        "id": "0037",
        "details": [
            [
                "嘿嘿嘿，这是我想读的书",
                "<a href='https://book.douban.com/wish'>https://book.douban.com</a>",
                "如果愿意的话，可以给我支付宝转账打赏，多少随意哈！",
                "<img src='img/zhifu.png'>"
            ]
        ],
        "responses": [{
            "content": "有啥好处？",
            "nextXianzhe": ["0038"]
        }, {
            "content": "已打赏，快谢恩！",
            "nextXianzhe": ["0039"]
        }, {
            "content": "哎，我很穷啊……",
            "nextXianzhe": ["0040"]
        }]
    }, {
        "id": "0038",
        "details": [
            ["比如……", "会让你意外遇到的这个小姑娘变得更有趣？", "嘿嘿，圣诞节我会寄来自制明信片，打赏后可以发邮件告诉我你的收信地址"]
        ],
        "responses": [{
            "content": "好哒！"
        }, {
            "content": "算啦~"
        }]
    }, {
        "id": "0039",
        "details": [
            ["谢主隆恩！！！", "嘿嘿，圣诞节我会寄来自制明信片，打赏后可以发邮件告诉我你的收信地址", "<a href='mailto:me@miaolexiu.cn'>me@miaolexiu.cn</a>"]
        ],
        "responses": [{
            "content": "好哒！"
        }]
    }, {
        "id": "0040",
        "details": [
            ["嘿嘿，没关系，你能够在这个网站多停留一秒，我就很开心啦！"]
        ],
        "responses": [{
            "content": "O(∩_∩)O哈哈~"
        }]
    }, {
        "id": "0041",
        "details": [
            [
              "我最近做了一个名叫“酸奶”的 iOS 应用，可以用来记录每天的心情~",
                "<img src='img/g.jpg'>",
                "很可爱吧？\\(^o^)/~"
            ]
        ],
        "responses": [{
            "content": "哇，有意思！哪里可以下载？",
            "nextXianzhe": ["0042"]
        }, {
            "content": "没有安卓？差评啊~",
            "nextXianzhe": ["0043"]
        }, {
            "content": "……",
            "nextXianzhe": ["0003"]
        }]
    }, {
        "id": "0042",
        "details": [
            [
               "可以在苹果商店搜索“酸奶”，或是扫下面的二维码。谢谢支持！",
                "<img src='img/gooday-qr.png'>"  
            ]
        ],
        "nextXianzhe": ["0003"]
    }, {
        "id": "0043",
        "details": [
            [
          "如果 iOS 下载量达到我付的年费的话，我也会出安卓版的。暂时打算先把 iOS 版做好！",
                "如果你实在想支持我，可以送书给我~"
            ]
        ],
        "responses": [{
            "content": "好哇！我最喜欢爱读书的女孩子了~",
            "nextXianzhe": ["0037"]
        }, {
            "content": "……",
            "nextXianzhe": ["0003"]
        }]
    }],
    "fromUser": [{
        "id": "1000",
        "brief": "爱好",
        "details": [
            "你有什么业余爱好呀？",
            "酸奶的业余时间都做什么呀？"
        ],
        "nextXianzhe": ["0007"]
    }, {
        "id": "1002",
        "brief": "读书",
        "details": [
            "酸奶喜欢读书吗？",
            "酸奶喜欢读书吗？酸奶有什么喜欢的书吗？"
        ],
        "nextXianzhe": ["0008"]
    }, {
        "id": "1003",
        "brief": "恋爱",
        "details": [
            "可以八卦一下酸奶的感情生活吗？嘿嘿……",
            "酸奶有女朋友嘛？"
        ],
        "nextXianzhe": ["0009"]
    }, {
        "id": "1004",
        "brief": "性格",
        "details": [
            "酸奶觉得自己是什么性格的人呢？",
            "很好奇啊，酸奶是怎样一个人呢~"
        ],
        "nextXianzhe": ["0019"]
    }, {
        "id": "1005",
        "brief": "设计",
        "details": [
            "可以看看你的设计作品吗？"
        ],
        "nextXianzhe": ["0022"]
    }, {
        "id": "1014",
        "brief": "送书",
        "details": [
            "酸奶好棒啊！我想送你书~~"
        ],
        "nextXianzhe": ["0037"]
    }, {
        "id": "1005",
        "brief": "摄影",
        "details": [
            "酸奶要不要秀一下自己的摄影作品啊？",
            "发张你拍的照来看看？"
        ],
        "nextXianzhe": ["0028"]
    }, {
        "id": "1008",
        "brief": "职业",
        "details": [
            "酸奶这么多才多艺，究竟靠什么吃饭呢？"
        ],
        "nextXianzhe": ["0023"]
    }, {
        "id": "1007",
        "brief": "真相",
        "details": [
            "求真相",
            "酸奶酸奶！我要看你的真相~~"
        ],
        "nextXianzhe": ["0030"]
    }, {
        "id": "1006",
        "brief": "关于",
        "details": [
            "这个主页好有意思啊！",
            "这个主页的创意很棒~"
        ],
        "nextXianzhe": ["0026", "0027"]
    }]
}